TCGA.BH.A1FM.11B.23R.A13Q.07	TCGA.E2.A1LB.11A.22R.A144.07	TCGA.BH.A208.11A.51R.A157.07	TCGA.BH.A18K.11A.13R.A12D.07	TCGA.E9.A1RC.11A.33R.A157.07	TCGA.E9.A1NG.11A.52R.A14M.07	TCGA.A7.A0DC.11A.41R.A089.07	TCGA.BH.A18J.11A.31R.A12D.07	TCGA.BH.A18P.11A.43R.A12D.07	TCGA.E9.A1NF.11A.73R.A14D.07	TCGA.BH.A18S.11A.43R.A12D.07	TCGA.A7.A0D9.11A.53R.A089.07	TCGA.BH.A0DG.11A.43R.A12P.07	TCGA.BH.A18L.11A.42R.A12D.07	TCGA.BH.A0HA.11A.31R.A12P.07	TCGA.BH.A18R.11A.42R.A12D.07	TCGA.E2.A158.11A.22R.A12D.07	TCGA.BH.A0BQ.11A.33R.A115.07	TCGA.BH.A0DH.11A.31R.A089.07	TCGA.BH.A1F2.11A.32R.A13Q.07	TCGA.B6.A0WY.01A.11R.A109.07	TCGA.AN.A0G0.01A.11R.A034.07	TCGA.E2.A1IL.01A.11R.A14D.07	TCGA.BH.A0HX.01A.21R.A056.07	TCGA.A7.A26G.01A.21R.A169.07	TCGA.AR.A24X.01A.11R.A169.07	TCGA.A8.A076.01A.21R.A00Z.07	TCGA.B6.A0RS.01A.11R.A084.07	TCGA.C8.A1HE.01A.11R.A13Q.07	TCGA.A8.A09V.01A.11R.A034.07	TCGA.C8.A27B.01A.11R.A169.07	TCGA.B6.A0IM.01A.11R.A034.07	TCGA.AR.A1AW.01A.21R.A12P.07	TCGA.BH.A1EX.01A.11R.A13Q.07	TCGA.D8.A1XG.01A.11R.A14D.07	TCGA.AO.A12A.01A.21R.A115.07	TCGA.AR.A0TR.01A.11R.A084.07	TCGA.A8.A07E.01A.11R.A034.07	TCGA.A2.A0CT.01A.31R.A056.07	TCGA.BH.A18U.01A.21R.A12D.07
C00022	0.000339426447331648	0.00118314144799914	0.000244515323604477	0.0027858236823245	0.0018790701034086	0.0022070872903488	0.0107059686685196	0.00245650970186773	0.00349332951801862	0.0133516968475923	0.00569156268185222	8.01094702385097e-06	4.60495120192528e-05	0.00505096830781604	0.000118340082815083	0.000897829213326817	0.0417217886087482	0.00170925594652394	0.050406850497048	0.0038196791393893	0.027017145013069	0.352282312527202	0.0109045335037279	0.0726161831695922	0.00549467230439382	0.00377747579400844	0.017931018999759	0.124704647976082	0.00477687581975039	1.22603136132327e-06	0.0535541997752913	0.0122646766474408	0.00696103440009044	0.0023156581814987	0.0445580462366709	0.00579883637482947	0.00405073432271419	0.00998220612837775	0.00275403681776365	0.244278548278981
C05345	0.00074027174461555	0.000468301111173686	0.000256475082001995	0.00193392893220545	0.00253909165077937	0.000645763457027382	0.00287517605963616	0.0011408240363584	0.00233990215129865	0.00118026883192657	0.00279118615278129	0.000191364272436823	9.63499165590465e-05	0.00138043051909109	5.68506253184609e-08	0.000871032313776055	0.00135065197969253	0.000684974992823717	0.00959986260684287	0.000630061350970212	0.0128592901349537	0.0226389994640335	0.00103178269329696	0.0529084571175851	1.03622750680099e-06	0.00148185670505241	0.0149075449367156	0.000818119249821225	0.00151983860427907	0.000120197963843882	0.00429169961139619	0.0141173689145879	0.00152312500617457	0.00253186583973908	0.0082303507980872	0.0011175857851462	0.000815489500714639	0.00116010454220838	0.0181204180748852	0.142258095772643
R02739	0.00120052584213157	0.00675548779214426	0.000360953024954037	0.0271046866830953	0.543986707610385	0.106300230314951	0.0707675122469106	0.00560011264009701	0.225736566564848	0.207760855325106	0.0135751222182207	0.658282546661601	4.5647069159647e-05	0.0595963095599319	3.02626733774532e-05	0.0121122936444068	0.413103283651148	0.00109169366544855	0.103822990630235	0.121162723241879	0.145038509712368	0.073677077813603	0.00409407998835595	0.0487818156399793	0.0486124563376246	0.0186446688562581	0.0945148527808696	0.352679499319932	0.00798796572719591	4.66451544056667e-14	0.292811562496015	0.0077973570192775	0.00362846063963586	0.00266730424100996	6.08652989224329e-07	0.0135974668257093	0.0238295273292052	0.016332080139586	0.00274412583889129	0.0888541021061753
C00199	0.19462664880496	0.130383050481816	0.14599584896827	0.244253867343713	0.608295041016735	0.297443508753382	0.316362939037926	0.177790419136916	0.287772096786998	0.46572474323431	0.158317948919336	0.919153543701161	0.0970435561656219	0.296546994408227	0.0942338077871921	0.255725482281492	0.51149137577023	0.176117850868334	0.26702173131948	0.392525398370149	0.497248316245935	0.0283436930236469	0.192739500529282	0.281597345315049	0.286798880598249	0.110781175019528	0.213866255298434	0.318829242084804	0.061246489709201	0.109705029540298	0.199575113137448	0.337248982709663	0.100464433212562	0.21081845288162	9.27107684545181e-06	0.131000552229425	0.111415660821941	0.239109063714942	0.134481605838316	0.142303264735489
C00117	0.158360344408986	0.360857433736455	0.176193224680838	0.429546819374842	0.706283305437948	0.532859036824703	0.479191863734651	0.295184315119833	0.652020482769631	0.594452774919436	0.349470291265809	0.995079254957005	0.106951510644897	0.44845745051108	0.145220627338484	0.294520320254045	0.715169524943527	0.130172429021996	0.68861366945087	0.569512428456102	0.53097531956768	0.512470907528066	0.126080255783387	0.344004589943185	0.512286475386317	0.30240489233786	0.394932711121943	0.468113702269157	0.234204587020975	1.07930922260691e-05	0.7645358470488	0.318013976617506	0.160265275958607	0.149273369233975	0.237690110542278	0.321564578945321	0.474772788691198	0.106970184474128	0.182734327107753	0.452148191375378
R00342,R00361	0.000468627792823243	0.0027174487190862	0.000662106000553958	0.00697706813586379	0.372883193266167	0.0112428814238664	0.0228627281540318	0.000868116461989831	0.306957448375172	0.015767542381164	0.00183781630517601	0.219393024680229	0.00016863674328665	0.00819041206590611	0.000208804825696782	0.00508928110274899	0.162023950490753	0.00100284813428281	0.0419290353617721	0.0824948638676067	0.0017036068124406	0.00602462934901985	0.00433193976768927	0.0168788023052608	0.00111198921134067	0.0113002278594246	0.00481936370400492	0.0875251141194135	0.00319046494054193	3.58575746143981e-08	0.0149695485567966	5.2343241931111e-07	0.00204130528765274	0.00180059532834588	0.00131946560070355	0.00312772440240039	0.00916236417264785	0.000935759683706097	0.00326536031325036	0.0386605360425607
C00026	0.038519104445722	0.0817439457375821	0.0423253775245157	0.226453705635823	0.575476255217126	0.151813990136124	0.257917049745952	0.0537323592107881	0.703394393313034	0.278538329928893	0.0861466145371443	0.674030584001374	0.0149852888944055	0.15628656311959	0.0144201328449217	0.137582279133728	0.564288853768448	0.0546843003362878	0.213362882565988	0.46476040465809	0.107720364904652	0.426609333744409	0.0633941747105825	0.173973279271773	0.0327900594906514	0.0663422725529288	0.113087624586041	0.278994167015058	0.0646590481843069	3.49430243862248e-06	0.0716221790277183	0.10249212558857	0.070369521413018	0.010014668070528	0.0276185269344473	0.04738141382646	0.0498297609792004	0.0473168593516295	0.0689103825819476	0.216029839680162
C00036	0.0103916013187791	0.0276142449213052	0.0130254126687398	0.0239064625236554	0.438686507603871	0.0551926111649619	0.0688818320502456	0.0141771368923648	0.348548326474062	0.0365902977217926	0.0183867034505791	0.241728649260538	0.00966433246333942	0.0429405702615413	0.0112248743144803	0.029830821990991	0.198993652514924	0.0156521563578849	0.142861774058709	0.12672211293816	0.014355139388444	0.0133473340084831	0.0611914598767124	0.0860609534968326	0.0339118644172445	0.165042958070793	0.033451715634165	0.217165842686624	0.0470883932363858	0.0102614309780736	0.199507580652456	4.26644270246079e-06	0.0228266497736973	0.153524045666074	0.0403337876502738	0.0640796798463383	0.163255308563224	0.0166707620381189	0.0382822518317268	0.172695502322764
C00024	0.0777180762219385	0.0502755282984935	0.0699966224187465	0.169631904226536	0.35188566459895	0.0498256856604286	0.112681704200321	0.0350912488903061	0.446511291214762	0.0693227038507697	0.0441741499569063	0.30463974902392	0.0544039421905891	0.0681354455340584	0.0409896923753001	0.0859095124596466	0.20280049678367	0.034062380887163	0.0843990059663282	0.307147622605106	0.00245841353175791	0.0111113966615612	0.0577755036007125	0.0121575241622137	0.0127902667464758	0.0932039716920422	8.35003749433127e-06	0.126562988843579	0.0598052497965064	0.0132250719428509	0.0013206395637585	6.5732763676607e-10	0.0128528785764037	0.0140344763281866	0.0101786513518168	0.0151587866511198	0.0871991745103797	0.0035664271778435	0.0192106448718011	0.00290792921549921
C00231	5.79590189546675e-05	5.17864508715604e-05	0.000395361858582133	0.000166532677144615	1.32000442913949e-05	0.000158648779896686	0.000196751779468651	0.000697815815754788	4.86253535214587e-08	0.000229497652680766	0.000233550334524879	6.58109874041024e-06	0.00020047570271875	0.000333403974514868	0.000126271731669458	0.000207330925800719	4.61275598387934e-05	0.000276092034360631	2.20210319978875e-07	4.70907199523474e-05	2.57488835494479e-05	9.45326067425256e-08	0.00601293201335984	0.00126211775742779	0.00103504649872377	0.00609425410299758	0.00886702740796597	0.00619913796546567	0.00414678863847806	4.97059771120689e-08	0.000430697063332985	1.57706366299415e-07	0.000359851457593763	0.000614403652015705	0.000271647003998954	0.000561291078873483	0.000135158379164446	0.0127448293851289	1.7781850993881e-06	0.000304926812421447
C00148	0.00479400764276938	0.0493905798773789	0.0264261760558104	0.0180340168829831	0.000999705669975759	0.00187697421639921	0.00651361626965219	0.0221393075592198	0.000725130290514797	0.00105147758659629	0.0046062873099797	0.00190459024645273	0.00847717812181847	0.0122257413972896	0.0205983086976469	0.00304457360695176	0.00428744318402663	0.0287483680708159	0.0126895264466611	1.52620749371835e-09	0.0793454526947034	0.439353063604489	0.0882424490386721	0.0298102965149051	0.118624275573778	0.0989130031576192	0.102664138595823	0.147203795744391	0.125416377377025	0.0183216784220648	0.118545808842719	0.0328348398788751	0.0738328485915184	0.104035758572642	0.0802070139369421	0.0817520702207603	0.0902366005471328	0.112853759521312	0.043290279322868	0.0870001605363002
C00065	0.0364847223910859	0.166927180092394	0.0144112130495049	0.0258179936714589	0.192075689277153	0.0213942509436628	0.0194012903705847	0.0825098636836091	0.178546541375374	0.0147324220147034	1.64450145521133e-05	0.111629046498006	0.0888214134566602	0.0092034260088153	0.036845565722856	0.0366620010738807	0.00855904682569875	0.0194532852357996	0.225865642000331	0.0169112606974651	0.0558133930065843	0.878454268665923	0.0455913295366357	0.118984548202074	0.185796578522824	0.000230561092872117	0.0579938091972583	0.21337203223154	1.62606547461364e-05	0.0345651808262328	0.733031728724833	0.106961843303081	0.106061518662358	0.332629328806774	0.028592693970698	0.0419671536399012	0.0296261514354891	0.0154369544532	4.69363937163347e-05	0.34898517696415
C00042	2.33378891668634e-05	3.58743826036623e-05	3.44673463616996e-05	4.00804453317694e-05	2.53562043522892e-05	2.66036932730085e-05	5.08497013487208e-05	2.37625196656266e-05	4.26620568800828e-05	1.56648272572335e-05	2.12446030669611e-05	2.28246247855335e-05	3.44404332832671e-05	3.49460544792901e-05	3.00381896854995e-05	3.13163640052183e-05	0.0471402254779355	3.15891801895285e-05	0.0933995032571385	3.02011048737283e-05	3.28217096741135e-05	9.57665550194164e-07	0.029911558563773	0.00876536292658459	0.00715309092994476	5.24437948843381e-05	3.42919128443198e-05	1.42986689155578e-09	0.0146623182381259	0.21817091870704	2.24384697611324e-06	7.1257921785417e-09	2.75030788878805e-05	2.5359950800441e-05	3.15669728532253e-05	0.275920797435979	4.71340382413032e-05	1.25279703028225e-05	2.42340963623189e-05	0.0108316256248737
C00122	0.209163435812569	0.243705159649343	0.250863437038589	0.352222621996198	0.448683332909486	0.388158134527869	0.143856328409325	0.333809008211462	0.352206661485316	0.456858400453594	0.422540241032551	9.9999999999989e-05	0.176478822272892	0.464154289155525	0.184898220821668	0.336231552999577	0.530029428211386	0.250071707248289	0.616005255572467	0.38322227336013	0.368679464328446	0.0324640214629142	0.318251688063666	0.454807279413077	0.00819574216217611	0.188176047179258	0.0163426610095737	0.696243640932209	0.0957399068053745	2.53248634481951e-05	0.225834462383869	0.119930218750674	0.0481394019797566	0.509190299105624	0.438984657861254	0.10304045357649	0.36117347424373	0.34622781814434	0.0325364514878534	0.0468026720199899
C00086	0.0947446835662191	0.121530744733716	0.120673004379022	0.127051193029943	0.369834254942685	0.225993637179297	0.0959937148225114	0.159074963237876	0.256354852421067	0.267374440828403	0.181717276859702	9.00010000000062e-05	0.0810066818873811	0.214230158462266	0.0612288745453968	0.147211332840158	0.289096825969346	0.121931818432325	0.263861273391431	0.253337383143398	0.124041551515733	0.0122520490341922	0.0967721865481046	0.101904281728988	0.00304253521191711	0.0861162778197979	0.00777771009995087	0.415418725050657	0.0428954505624032	8.80618377063769e-06	0.0663695432338269	1.19930218750453e-05	0.0193050733496656	0.215656584282665	0.150059782034398	0.0177314798664689	0.0410574981862395	0.117239071241546	0.015021706398328	0.0126871125257902
C00332	0.00910809909192767	0.0108525200705623	0.0136267664915346	0.0396661404604178	0.0569240751528572	0.00555989242885202	0.0120725139438596	0.00511825801019261	0.185891338628454	0.00557673859988361	0.00329242230835491	0.0554486586517687	0.00764250390889398	0.00730538603856745	0.0262184673962954	0.0174811150894498	0.0503741277443619	0.00589290932984232	0.0507638289287964	0.119574044591945	0.000340337871333807	9.23092969493666e-05	0.00070906864771092	0.000332060873925122	4.48418928655769e-08	4.22774744127663e-05	0.000141723344898814	0.000125733227907543	5.29971327933865e-08	4.72089912717522e-08	1.00439310646294e-07	2.45525953901371e-07	0.000227103703243303	0.000956502640375612	3.43617408342656e-05	0.000142151362019005	2.55511134028552e-07	2.60658901130029e-08	1.17536425037201e-10	9.75994881624587e-06
C00147	0.000169589505534806	0.000690937491833132	0.00073873089138965	0.000151745022241467	1.0976714870381e-08	4.89806936894155e-05	0.000179088940918892	0.000436443948274023	3.72020996012301e-05	1.12371579819026e-08	0.000144498668325777	8.33827384916219e-09	7.29191967252518e-05	8.39443431186471e-05	0.00132702088760184	0.000171041250398241	2.41886062161134e-05	0.000412560345320334	0.00147435381478422	2.76798424613256e-05	1.93099175737066e-05	9.41391409270409e-12	0	6.45450359826327e-12	1.30136462939134e-07	1.20102037648451e-07	4.85842910347145e-09	1.05377928605321e-11	8.80020945004389e-10	1.55431223447522e-15	7.3620526608309e-07	2.39875981300486e-08	6.87559388312664e-08	1.05368803682282e-08	8.26872847037308e-06	3.87735488489582e-05	3.25244334942187e-06	2.20828678676455e-08	5.08762335593715e-08	4.41427973063568e-08
C02291	0.266076291075379	0.435023924768519	0.4302947408103	0.358254118173909	0.256524127563239	0.281084982110396	0.542879722544193	0.351913754152755	0.507473539994624	0.178988867462281	0.329834478490004	0.196907440082049	0.347853790233951	0.335466531006781	0.499153747512977	0.279633746673902	0.329947242581887	0.41490343765053	0.366532081463556	0.308559055757854	0.699707400081698	1	0.105834271148712	0.6919991823126	0.702306024770902	0.374824195077039	0.455057999887728	0.370279886909858	0.449158381717885	0.347452819932595	0.813015873983109	0.751927192471945	0.396582967584288	0.0374354539500217	0.477678169651979	0.327211699687193	9.9999999999989e-05	0.219633422520383	0.550767070000404	0.65933840211593
C00164	0.0120828335430531	0.0347501404298368	0.0119534781142397	0.133394290675095	0.13327394786219	0.00466014336409437	0.0155773992256364	0.00702226320542643	0.408055088063572	0.00740505702741578	0.0105746790861673	0.0621538232498547	0.0264180611340908	0.0121558123764208	0.01213487250665	0.0195306755984732	0.0545903993745175	0.00849356536861534	0.00102054917569228	0.114626915541679	0.00435519337302415	0.000273579287513703	0.0178667488098783	0.049648074853729	6.16489519211783e-07	0.175468188099261	1.29119804903599e-06	0.0077106816364616	0.0709559506676248	0.0280654621381601	0.000120363360937237	0.017351346003683	0.00181581911586082	0.0352963943745127	4.5412450710991e-07	0.00913831343216542	0.133344559532735	8.76037998810419e-05	0.00590616880319939	0.0169683381038886
C01598	3.79030140607028e-13	1.36160149821762e-09	2.61605848095314e-10	3.1924718424392e-10	2.60458321577062e-13	1.11022302462516e-16	6.95679280848793e-08	1.36515176940577e-09	4.05712907713962e-10	1.11022302462516e-16	1.63240165829137e-09	2.3392399128852e-13	8.43325409505269e-13	2.19824158875781e-13	4.64406291200703e-13	5.6905546941266e-10	7.58282325818982e-14	3.12777870270509e-09	1.26090038410354e-09	6.12843109593086e-14	1.11022302462516e-16	1.11022302462516e-16	1.16018306073329e-13	2.79660739010978e-11	6.34937213916942e-10	1.11022302462516e-16	9.53681578153009e-14	1.11022302462516e-16	5.42121902924464e-13	7.12652159506888e-13	9.61897228535236e-13	5.73652236823818e-13	3.82913034613352e-10	6.76902978113958e-13	9.00057806063614e-13	5.41899858319539e-13	1.11022302462516e-16	1.63979940737136e-13	5.89861492983346e-13	4.24660306919122e-13
C00788	1.11022302462516e-16	3.77142761465166e-13	1.10134124042816e-13	5.46392053824007e-09	1.11022302462516e-16	1.11022302462516e-16	7.7715611723761e-14	6.30273611079701e-13	4.69069227904129e-13	1.11022302462516e-16	8.37774294382143e-13	1.11022302462516e-16	9.25926002537381e-14	2.19824158875781e-13	1.11022302462516e-16	2.06501482580279e-13	7.58282325818982e-14	1.46821899082994e-09	1.26121335597418e-13	6.12843109593086e-14	8.37108160567368e-13	1.11022302462516e-16	1.11022302462516e-16	2.84550161211428e-13	3.13860049061532e-13	1.11022302462516e-16	9.99977878279878e-13	1.73083769539062e-13	1.11022302462516e-16	1.11022302462516e-16	9.61897228535236e-13	1.11022302462516e-16	1.15779574816344e-09	6.76902978113958e-13	1.11022302462516e-16	1.11022302462516e-16	1.11022302462516e-16	1.11022302462516e-16	2.61996235817463e-09	4.24649937436072e-09
C02465	0.234663525817084	9.99977878279878e-13	9.99977878279878e-13	0.00331769007342442	0.355955017360516	0.347987197595974	0.0104721822680466	0.102968423526224	9.99977878279878e-13	0.175732726442103	0.0207774213670237	1	2.04049514818117e-06	0.015194435977696	0.00859414773869549	0.0702773107374832	0.0380329067784334	0.181895612105718	0.264311836172581	0.152329869892797	9.99977878279878e-13	9.99977878279878e-13	9.99977878279878e-13	9.99977878279878e-13	9.99977878279878e-13	9.99977878279878e-13	0.0689153223290829	9.99977878279878e-13	9.99977878279878e-13	9.99977878279878e-13	9.99977878279878e-13	9.99977878279878e-13	9.99977878279878e-13	9.99977878279878e-13	9.99977878279878e-13	9.99977878279878e-13	9.99977878279878e-13	9.99977878279878e-13	9.99977878279878e-13	9.99977878279878e-13
C00099	9.34869071045341e-09	6.13110207170475e-06	8.6731017256314e-05	8.86932305377286e-09	9.18356268808651e-09	9.252934529691e-09	9.00835572803516e-09	8.88185525127483e-09	9.34276755959473e-09	9.29619659029157e-09	8.68407412646377e-09	9.55275414327161e-09	8.98922480896402e-09	8.78251227298676e-09	8.61417359665495e-09	6.50735183383988e-05	8.81844786082553e-09	9.25750043290208e-09	6.1506034099712e-05	9.29923549275458e-09	7.87357212761464e-09	6.12147998957369e-09	6.98893365402853e-09	7.36250227451052e-09	8.84522222133199e-09	7.4006208938826e-09	7.62987784064251e-09	6.88937262793843e-09	7.27180837767349e-09	7.09839897972131e-09	9.95085525090644e-09	7.43635650907182e-05	8.99750962624069e-09	1.00000000502476e-08	6.45669717691533e-09	8.20320378291939e-09	5.00050001406294e-09	8.18995027351832e-09	1.63747465377062e-05	8.26044643797985e-09
C01205	9.34869071045341e-09	6.13110207170475e-06	8.6731017256314e-05	8.86932305377286e-09	9.18356268808651e-09	9.252934529691e-09	9.00835572803516e-09	8.88185525127483e-09	9.34276755959473e-09	9.29619659029157e-09	8.68407412646377e-09	9.55275414327161e-09	8.98922480896402e-09	8.78251227298676e-09	8.61417359665495e-09	6.50735183383988e-05	8.81844786082553e-09	9.25750043290208e-09	6.1506034099712e-05	9.29923549275458e-09	7.87357212761464e-09	6.12147998957369e-09	6.98893365402853e-09	7.36250227451052e-09	8.84522222133199e-09	7.4006208938826e-09	7.62987784064251e-09	6.88937262793843e-09	7.27180837767349e-09	7.09839897972131e-09	9.95085525090644e-09	7.43635650907182e-05	8.99750962624069e-09	1.00000000502476e-08	6.45669717691533e-09	8.20320378291939e-09	5.00050001406294e-09	8.18995027351832e-09	1.63747465377062e-05	8.26044643797985e-09
C00791	0.0916801912150986	0.149020603201578	0.110842396788864	0.103819732715528	0.108424814762399	0.082758603432161	0.11008128227217	0.0914567809794391	0.136698790194556	0.0812009501407134	0.0994402159897763	0.0425410539931133	0.0825970048267448	0.0908653717063967	0.152961843396753	0.0959168371092665	0.165940321268666	0.0831810284392486	0.161961455504533	0.117123703762031	0.0815880210778333	0.000653894076414252	0.0855269156609865	3.09775740656715e-05	0.0161528393244479	0.185776522555851	0.100630384477155	0.0258790465687393	0.260603101620996	0.0712549680369495	1.8117485352187e-05	0.0737217519162273	0.00842974471408953	0.0409170035472498	0.0351793053351951	0.0999875768513041	0.380795714354063	0.0326823909244676	0.00741834006530384	0.278235706498952
C00130	5.03415603192447e-06	0.00121677849470259	0.000190020066212715	8.39127568097453e-05	3.74845821049519e-10	1.7108985023162e-06	5.29695475437464e-06	0.000122196707936673	6.07845889244452e-06	1.6352972309619e-09	3.89039686021775e-07	2.32196373239901e-10	0.000165141603223118	3.25837129167006e-07	0.000737325524322263	1.61948448920146e-05	2.61673044454902e-07	0.000370163655032951	3.65907304455959e-12	1.08546505117602e-12	0.00152116810117575	0.0171685126164992	1.44825491488199e-07	7.06258626619327e-05	0.000692444908712342	0.0365019070737964	0.00397951977398181	1.0177931475841e-05	0.00438499848900142	8.70936603063477e-05	0.0455201982960868	9.57371808928409e-05	0.00318604527062938	0.00181053200358139	0.000635890230480607	1.98265719545399e-05	0.000191194704938447	0.0016930461827902	0.027423929925366	0.0275358017904604
C00002	0.100598631409328	0.183387652073819	0.177189425012867	0.116013544741713	0.206248590040854	0.0873262739981202	0.129226938521316	0.115451367885775	0.190139072743865	0.114572994729974	0.137801235665319	0.224524499515026	0.133792241047158	0.126723682988591	0.140832728054252	0.129604624783821	0.172173343075186	0.162552829452917	0.268652533967964	0.127914854066959	0.243042978154023	0.174362357072633	4.66282029276677e-05	0.136869483801154	0.116652129460132	0.113007649963323	0.165545871816435	0.284203693062967	0.195396409943896	0.0930584975032644	0.26900716807187	0.0814180366103384	0.056210200825622	0.0403238289798805	0.0807065945153185	0.113781968021207	0.0218941674482941	0.0737786918323381	0.0782839810739575	0.469828099238265
C00044	0.0102050966761043	0.120491990495137	0.0254805786259666	0.0115917669486211	0.0251371189223639	0.0208329195585417	0.0130007481431106	0.0306841874353098	0.0175534851174662	2.60984554221189e-05	0.0334632000568861	0.023431600269862	1.62561494675417e-05	0.00619105675086984	0.0306655582811386	0.0101083950766812	0.0283727321781545	0.0334805294381713	0.0928436224369549	0.0109544500032307	0.16591644916885	0.425848708052496	0.0581542358855976	0.146128238742504	0.0230816498122531	0.18492633578425	0.163472143811667	0.759089888111727	0.0112531419216342	5.18757018352911e-05	0.0130769473913074	0.0133215120418675	0.0278876992542195	0.0816368251870649	0.0855388686017132	0.142770941067139	0.0477376701033785	0.123302273831886	0.0201890845782118	0.356078094051509
C00105	0.098866934717746	0.232582513062336	0.141630207476176	0.0500416319144786	0.0495375109119295	0.0302634616627827	0.0529553510633003	0.166458023929724	0.0525815883633961	1.00000000502476e-08	0.0481335333865563	0.0355950683237855	0.146563320645845	0.0609278320917129	0.214534582888058	0.0794100168076936	0.0120101675398976	0.0896441522643397	0.200072711486637	0.0228518439774104	0.108756736620478	0.0204717084783117	0.23624793690552	0.243267126905013	3.02404228325059e-07	0.303906183272028	0.396713101879796	0.333397186952586	0.29938044628832	0.0561268428942795	1	0.130248181634055	0.078441723930208	0.0438057482165559	0.141592271568196	0.131659694560241	0.316427190898948	0.352725943986445	0.547468942030653	0.472333641760394
C00112	0.0239059548301888	0.0653342779874563	0.0480134583614434	0.0170651122382373	0.0329532534586163	0.0116452196668246	0.0228086227804392	0.0343305816983068	0.0250049731914777	1.53268420642894e-05	0.0201862893488262	0.00609980701752422	0.0616089933667646	0.0382755680453657	0.0467579618485621	0.0193081538307965	0.0273275015524592	0.0391503384243205	0.0341564701301256	0.0157364918326418	0.543713377829301	0.0272746459094388	0.272703192645424	0.116583822735626	0.0931676477133196	0.0653657455934475	0.473551208963309	0.115425635674611	0.183886947578148	0.171394500676695	0.0365286572675548	0.142715666833601	0.066522045608816	0.24544562921027	0.112353666490179	0.214150392990379	0.0327474403240386	0.116720051229399	0.127006656226274	0.276850657698884
G00008	0.00174837013286311	0.00158196262313404	0.00430714812351118	8.34681919914537e-07	0.00721976114111889	0.00117648730304931	0.00694181576186192	0.0023645096651016	0.0046657563309267	0.000344555615303332	0.000597259439003683	0.000493025693932281	0.00574436287957458	0.00353789943973382	0.00224570141237157	0.00450591834290748	6.98019793341498e-05	0.00679148858388423	6.53922807458684e-07	0.000672744548998683	0.0112821976606514	0.0825947266419099	0.0210877496957012	0.0418931464985339	0.0643051982055307	0.0268545034192146	0.0052398890160068	0.0514798449816102	0.0480226207585571	4.20230073394645e-06	0.057769272378825	8.09596643686072e-05	0.0087179373531685	0.0128749194345698	1.07024899238528e-05	0.0263478187235526	0.0435562964413858	0.0151421275074127	0.17785723186438	0.0218490769075261
G00025	0.20876500302677	0.118330969886236	0.277097307543407	0.154786467433741	0.0872682583564381	0.185469240554984	0.152778953305739	0.225925345140706	0.18744242276106	0.142132235593827	0.200246935764708	0.13722304062235	0.173287063440066	0.152698307537797	0.163722146898245	0.203576834351343	0.102470095211976	0.225518971176465	0.195222130527772	0.164819297734071	0.115234923163382	0.670680924149865	0.0522508264610217	0.200580151841922	0.347724563674498	0.203699855873794	0.127309056587816	0.000161222066480282	0.29974079439457	0.261246436257791	0.619560607969528	0.306070400700626	0.218164206647094	0.322501859128766	0.26885760464563	0.186672600483396	0.107152603698411	0.186496166108681	0.576692942682653	0.0877835758003644
G00029	7.45613959463043e-09	7.15173897880561e-09	7.07983394132583e-09	3.50745904065253e-06	7.04957048291988e-09	7.01961755389391e-09	6.74288804014544e-06	3.17082604281982e-05	6.3193762445124e-09	4.4882761293108e-06	2.31110884064689e-05	1.30687071158153e-05	6.93442825383528e-09	2.42501251157545e-06	6.47194897673842e-09	1.03139639018313e-06	1.53568522155423e-05	1.89200610373197e-05	1.94742190632313e-05	2.76768092399848e-05	1.57427084807038e-05	9.8187670750316e-05	6.43237766636551e-05	3.50903188374163e-05	0.197610403531649	4.25488718185374e-05	8.83849238242362e-09	1.95457945384447e-08	5.28543229882938e-06	0.16915425566056	2.47498132807111e-05	2.37562089514531e-05	0.0741742877583129	6.12031227179566e-05	2.48323688843977e-05	4.64411357024019e-05	1.22889454567954e-06	4.62122750449767e-05	4.78249695380351e-05	1.17984685775729e-05
G00031	0.439616959483665	0.391986457396197	0.356848267688919	0.313460418924013	0.073303726143886	0.307118912150408	0.358083353829525	0.402733883347969	0.218883654347224	0.346164247816347	0.488832012223336	0.135018454033865	0.433019222044717	0.353125741978167	0.420169446902793	0.205547047443376	0.225075908256458	0.553220716889948	0.359945904460177	0.274246001303541	0.348397006724484	0.813424156506057	0.176085585832231	0.43587103619875	0.506449751428191	0.707648548650276	0.733532767024944	7.99918347405004e-05	0.643056492696634	0.272943852976639	0.734674272236096	0.151346207733458	0.35660439736575	0.679415347540002	0.448520593192718	0.322198997405898	0.233121742827722	0.529483664128719	1	0.302871889941598
G00157	0.0126819360254756	0.121001687896828	0.0414011078768286	0.0409792474124013	0.010707317691101	0.0371041425211061	0.051022909583843	0.0687331762599959	0.012170085605451	0.104089461118736	0.0488895013978736	1.15414086936383e-05	0.0119557701924495	0.107162469525861	0.0615910607123091	0.0184457150063119	0.0324974334243779	0.0406158117495233	0.0961788381505236	0.0116344148747194	0.441900692836658	0.0365952705685822	0.182648301067357	0.252828909314685	0.00252902267759481	0.0921859454736306	1.60925825918312e-05	0.0643811263455915	0.0638133738850821	0.0296695015063563	2.5780248447127e-07	0.162235884705975	0.0244576748425537	0.0090887449653414	0.0401363362748449	0.122237770373958	0.0758528205868736	0.048063913172157	0.303050758451728	0.0202834982467504
G00160	0.1785273413089	0.0910659256218238	0.216323810708699	0.0558919326158799	0.142081749768349	0.342649528466735	0.1994191418267	0.152764063815692	0.0766449000655169	0.298144335988471	0.174848534223678	0.161757182306245	0.097927004251999	0.0857809008584877	0.163694033928961	0.089620288250331	0.195057704231984	0.252026585812241	0.0904457099448404	0.138410792901439	0.268474934830694	0.94664476705259	0.192473360174595	0.41107011871266	0.937637357496652	0.33792644765477	0.5957299099603	0.368546153515005	0.131358029883681	0.426910619692333	0.344910818510902	0.352249455576561	0.204072640964486	0.387495707237969	0.291962692964635	0.29202958108209	1.89151446788882e-05	0.646642268529923	0.0740207210724014	0.247391747850989
G00164	0.0848611342443045	0.309507198871933	0.196148989925997	0.140027605717368	0.12348473403639	0.0900288659022129	0.147605660828405	0.0494896410700977	0.0365062646337935	0.108401563794357	0.0378677103282535	0.157375504587569	0.124016930021867	0.0872050200299335	0.14004398697863	0.0599675437701851	0.188703351774274	0.20570015571082	0.0856599266021242	0.0428159454505136	0.140172202471223	0.803330451625904	0.0455459745807948	0.0258142298959135	0.314616565865998	0.00267611394800626	0.0147121292332932	0.000517546076438613	0.00291366378800961	0.00643824383290603	0.0870587967741741	0.00222956603789004	5.33331800944836e-09	0.0580608564722365	0.091262454855866	0.00934438389612646	0.0646117581801908	0.206036817857432	0.186687694672592	0.00788781594744536
G13044	0.00295331773405427	0.00595137789847155	0.00704892113077504	0.00129786650856567	0.00353321543831142	0.00198884601550742	0.00216145309376514	0.00109425958463893	0.000261676640106789	0.000131847519187489	0.00198371024890709	0.000664265513099505	0.0153720747785018	0.00196518346311969	0.00680099950517488	0.00416239555573306	1.06263145505103e-07	0.00631009322932696	0.000405612364220764	0.000780220631000805	0.00297650153050966	0.00100750087638379	0.0790286184712711	0.0253874929156235	0.000866764560212618	0.00658345161141782	0.00338823846124103	0.00426873166270736	0.0181940810336177	0.0232652285881561	1.16681664330542e-10	0.00790240033781986	0.00296044448993282	0.0170967843332026	0.0219006242165668	0.00714985739670748	0.0122709927063293	4.21368642644637e-07	0.0500866315367252	5.54160899879363e-06
C01290	0.297838308400141	0.150349782763388	0.240395798502479	0.179204617900196	0.143116330278456	0.316255145194895	0.378452064412563	0.230882920893957	0.247663294869192	0.14914785247295	0.365605934336857	0.161732172487055	0.310054103917952	0.248185528606675	0.153730712807059	0.230320421426354	0.0789380665002932	0.261569849688601	0.0536100942568377	0.334772233368897	0.193000296841924	6.56682360640204e-05	0.214362512418275	0.280770720894748	0.249622277008115	0.229411348940826	0.173334213087698	0.0568609838726726	0.100935162899536	0.549873644454812	0.0534650604872596	0.660191606148059	0.108005884221781	0.175723456822927	0.187795915834896	0.407726817715147	7.34372834569896e-05	0.171705401690156	0.718173490138305	0.0459713121230513
C06125	0.267853312182031	0.617784131742788	0.343647559187801	0.219872123738556	0.02097752889542	0.0715185952633162	0.192569671707394	0.295711538141524	0.0949490943003376	0.0337693807889287	0.0886964866407448	1.91327885539216e-05	0.293051589603517	0.15676190888612	0.661224353381722	0.356792278046424	0.284756686505728	0.385750072859937	0.224082348291262	0.135583009951738	0.00959553675101477	9.9999999999989e-05	3.43573372496575e-05	0.115852437093397	6.39477829729174e-05	1.76532920582728e-05	3.50708219437612e-05	7.01937400237052e-05	2.65285541826144e-05	4.83355196844171e-05	7.76173305871986e-05	3.32774636795374e-05	2.4974263243327e-05	2.08271275958793e-05	0.0915169695102128	0.066347650575741	0.0839267879676865	0.000121017372342269	0.0524197737774379	0.0490078329403358
C20825	0.25	0.25	0.25	0.25	0.25	0.25	0.25	0.25	0.25	0.25	0.25	0.25	0.25	0.25	0.25	0.25	0.25	0.25	0.25	0.25	0.25	0.25	0.25	0.25	0.25	0.25	0.25	0.25	0.25	0.25	0.25	0.25	0.25	0.25	0.25	0.25	0.25	0.25	0.25	0.25
G00094	0.366341104776354	0.31188568204021	0.294949381073342	0.219386935369619	0.189148820931412	0.311482196140144	0.452727618806635	0.314665703263962	0.267814770634117	0.21072381264337	0.421595707807273	9.0654413242075e-05	0.261674792156806	0.322735466534036	0.238149274760381	0.298784759997181	0.437994616511801	0.389620290145175	0.283934684101407	0.290950757222667	0.501711606769388	0.301586562736561	0.193732211966728	0.764084653485269	0.382476986303066	0.363232015568572	0.519887015998932	0.50705683633859	0.484447283791429	0.422632363505993	0.237974536412554	0.483875992649053	0.268453135126691	0.331561900743419	0.664769127301545	0.313376806763815	3.13847080735119e-05	0.60170782891576	0.535511720677168	0.457804476153758
G00118	0.154655958356275	0.285126960141336	0.303323475585998	0.0916102929667221	0.0429004873830241	0.213633747552563	0.0642450659439244	0.235290953930327	0.158109960815036	0.152824260419852	0.171096835755513	0.0820558367588454	0.227608122273085	0.193333493897036	0.165157617055448	0.368622371389575	0.146815027728328	0.141309076411725	0.0807169162283577	0.221555323255939	0.00135984576364867	0.0306487766419694	0.0271904546501274	0.0356918668524774	0.18061104748761	0.0104062396237522	0.001693738653329	0.43261018317217	1.46346737972536e-06	0.040305025797254	0.153748418384417	0.0404892838908897	0.401293751139602	0.160850218272228	3.27369786834453e-09	0.0329188681265979	0.000298463409527994	0.0341384350221197	0.132653953157134	0.00402904174951257
G00037	0.171072571402934	0.445378047571965	0.571986549439781	0.400400114922263	0.0807258749498184	6.32013695610611e-05	0.0813559644359311	0.236665968693297	0.133171781585629	5.44235775704616e-05	7.68284489947035e-05	0.159994947521589	0.580715226914031	0.037107767173773	0.484334739593606	0.592963958967251	0.310771913002731	0.276344980164455	5.08578409131877e-05	0.107919565866263	0.0147493855939337	9.48016764008575e-05	1.71037268443808e-05	0.117314812764058	0.108977411235657	0.0177209273293244	0.108256542636928	0.120185545952031	0.0442599077384346	0.103877177674098	8.48046390911072e-05	2.0014636236354e-05	0.0894919657903803	4.22833423489033e-05	0.151453572344426	0.11915202111834	1.00000000502476e-08	0.232200811231075	5.57259682790745e-05	0.135138259511218
G00050	0.221404304529389	0.277564024609106	0.36389842297169	0.147335744295878	0.323160383695359	0.31331009797406	0.323135841999672	0.374929822829947	0.168769441792207	0.324632480291253	0.307887238589027	0.431252266688885	0.263407527498431	0.306060610549548	0.386419751492812	0.18694293943015	0.312734233370822	0.332541527697687	0.327111527825229	0.205137930736581	0.157528948174031	0.940183539566506	0.12679348204521	0.491685313234111	0.421688541448087	0.187783053504467	0.290303536816288	0.986519195851002	0.142138994969373	0.100442746453993	0.670175149472404	0.131192864774987	0.137308198115296	0.290148786336922	0.210290982828485	0.302703858249548	8.01628071619431e-05	0.377308582629696	0.452166228735145	0.143790988592213
G00012	0.00418892864601061	0.0623737393970337	0.012418240017828	0.0188731906532044	0.00089216247319901	0.00105810601685319	0.0102372265397118	0.00778697047760513	0.00250587577630468	0.0127651945473261	0.000494116442678938	0.00239474395910388	0.0160155424903451	0.013208433087296	0.00744003193538656	0.00871724015044961	0.0149555289531255	0.0142983293730777	0.0223412441143892	0.00347129502439802	0.0990666139224035	0.755450112828945	0.189634644486237	0.0152021235064619	0.469812217504362	0.0401418968653615	0.153692523830583	0.1133516217839	0.0931155358658203	0.0167305774799297	0.284870428420254	8.1823436914874e-13	0.0621397874147056	0.0026213498253238	0.125612607610406	0.0530818507011515	0.30634362129839	0.129941013611657	0.338818629054718	0.233067505880718
G00019	0.0839381242256747	0.0602231883008844	0.0373051972301223	0.0217842944097325	0.225230136473094	0.212347111926758	0.137799220044026	0.0354735343808116	0.078162362900588	0.297001863771949	0.0619139086956682	0.249791233497187	0.0589671607452302	0.113696400983238	0.00179331880212041	0.0757438071528765	0.0782609354308849	0.0180916577499973	2.92117788954771e-05	0.079963878085929	0.0975545388589777	0.0222392967271334	0.0415039590229707	0.156423885163306	0.129317705120814	0.0361609289536274	0.0642757407786587	0.00364404480630176	3.35669383887405e-05	0.0157486562119122	0.0697877272228137	0.00768583750053131	0.198476104223387	0.0311002079055981	0.0192729008141032	0.0405581604657202	0.0586865911209038	0.229567946575397	0.0600505631707781	0.00746401376575934
G00022	2.48216420584146e-06	3.02971646637396e-06	1.56893890179699e-06	1.02110258759502e-06	2.21741552586252e-06	4.08562460352258e-06	4.93781928256887e-06	1.41954773269504e-06	2.69410571729356e-06	9.26532794542911e-06	2.05908712924696e-06	1.60879939925529e-06	4.93520231914513e-06	2.3156766117971e-06	1.62677769810493e-07	2.74813227307824e-06	1.63636226269137e-06	1.32986984757721e-06	1.59291357881841e-10	1.99900215258619e-06	5.3696739986675e-06	4.73301993553221e-05	2.92549261748931e-06	1.57207482800459e-05	1.49396970141602e-05	5.41725697089657e-06	2.03132755011159e-05	1.7451873279839e-10	1.18832863564844e-05	4.67044288976481e-06	4.11163504743239e-06	1.74769711891454e-06	1.86432733408903e-05	4.90910760608809e-06	2.2886876323791e-05	2.25064625636318e-06	1.55605973419792e-05	1.77509403510578e-05	9.01574137313066e-06	3.29108075503015e-06
G00018	0.00892569724448944	0.00904318208429444	0.00507342180194359	0.00299021696505364	0.0133986486852531	0.00505281928070733	0.012760728423589	0.00250366490953091	0.00470606150069142	0.0141504234597024	0.00466562788151825	0.0036292546105321	0.01363873777656	0.00808950177549816	0.000311907512101528	0.00430451317775016	0.00682320780503998	0.00922317473453615	1.49691326001289e-09	0.00536606765958003	0.0347548853913126	0.149347197449593	0.0537823164587039	0.0854936456781235	0.238201278864285	0.102006258267438	0.187272322474158	0.00351768316329759	0.152286198358951	0.0452134490090017	0.00243935676362694	0.000323464977371457	0.16167970883625	0.0633109862000882	0.0839451298198484	0.0789586229186636	0.0358843734083047	0.0487798202731164	0.0372468820899641	0.00836744773575693
G00872	0.0295085434141528	0.014738795547979	0.0122161014127518	0.0227298243288229	0.0602514522400783	0.0688177399274528	0.0626719600465122	0.0361387191956108	0.0204531358996297	0.1968675156496	0.0401025889620581	0.0630081211549838	0.0110140242106366	0.0404310269296547	0.0183300771760846	0.0220880246546299	0.131095423384039	0.0745923155818444	0.0516720557492309	0.0206940670468565	0.0680225112346359	2.75011513561907e-09	0.0293509981832644	0.0924286580991082	0.00816681447123502	0.0487791623105707	0.0158998955892155	0.00829677861161193	0.0216314540391039	0.0856889201277314	0.00705738105874609	0.0750630043752896	0.0315518137896831	0.103835182543174	0.033208189918587	0.0327435535414705	8.47498889000597e-06	0.0838740545988736	0.0115591385972634	0.0399097083174741
G02632	0.00103183606353741	0.000141954465966987	0.000512489905799884	0.00253434349444259	0.00220317134636527	0.00703716626403927	0.0017154796236325	0.00169904341629801	0.00132783859485497	0.0382074017986328	0.00698373219552295	0.005835836000601	0.00066411811257594	0.0103350836482724	9.48430993741312e-08	0.00106822041071364	0.00594015574045337	0.00223013136763017	0.00555575130696984	0.00131201377840773	0.000972625833232765	8.18215495357322e-11	0.00584768917861023	0.00958075562560767	0.000229106810406221	4.92728477823334e-05	0.00136771099016064	0.000480187976176438	0.00398991142339811	9.31139134685566e-08	0.000166699574203344	0.00220332657336675	0.00347012033449579	0.00612254425896896	0.00152089270799582	0.000142837050620348	4.82687253000602e-05	0.000926621969294605	0.00229159660601275	7.105427357601e-15
G01391	0.00454091774647758	0.0400637726789146	0.017565272021285	0.0362235770400755	0.0212691383238183	0.063705866873526	0.0451232644218655	0.00325387052549031	0.00439925366787086	0.117181736387625	0.0665191316413011	0.176551831608788	0.0215215593696402	0.0950270786796379	0.00557180882815356	0.00270946314621301	0.0420034415240216	0.0483809359002563	0.0692460670608007	1.3111990249004e-05	0.175996917155249	0.185102649604137	0.0357285352864591	0.157099559586884	0.557338382604358	1.19472707305057e-05	0.257052750391299	0.165452063832906	0.122105383012433	0.00805265076254746	0.0766186672465502	0.0778711400962898	0.0759279240795623	0.0820604790346879	0.141380493134154	0.0430959599238413	0.0411250697970146	0.170887775543197	0.127724684026069	0.0908751454077109
C05744	0.530941374354122	0.662543850645726	0.564942858073066	0.90708277772626	0.684052082173116	0.599155013008311	0.716381648011386	0.609148158440095	0.885797211868154	0.614831465784401	0.58709843994805	0.64522695550445	0.568176270341353	0.628347849801174	0.578915585436713	0.728224933069648	0.915485193401314	0.650152156814648	0.616985498275108	0.950045268205092	0.722916155002567	0.654994625706139	0.739318948467599	0.73261229041807	0.539475990835626	0.991366637715071	0.740512481298522	0.739308937957853	0.622195518438462	0.591942422164242	0.522489766897104	0.520650427507368	0.560126305192422	0.550003514414638	0.572148744416766	0.585389398346151	0.663386305213831	0.592697428533208	0.668835978780625	0.908252059567312
C05745	0.00122204057174924	0.0207402559945349	0.00807248244299885	0.558643960974726	0.0725792216540444	0.0203614150351656	0.112756041141585	0.0231128287268214	0.499021996516623	0.0267842746476029	0.0149535691667289	0.0422008470726133	0.00240993578509485	0.03572457709455	0.00386761375185563	0.126660601146911	0.676892771548281	0.0560833202415526	0.0123683353197382	0.8531346412664	0.171717027894546	0.0474893891045615	0.13575046472385	0.0682905957145927	0.00119949381986817	0.982733275430141	0.142540659326731	0.0300112713194022	0.00546946199649212	0.0235827744537485	7.51768375120143e-05	2.07056594092592e-13	0.00356785802574888	0.00198538902589906	0.00313912303702901	0.0110727613968982	0.0291441489755794	0.0259228232282521	0.00666838046813079	0.134846495401938
C00040	0.186018154783406	0.242689953791187	0.246734834452193	0.318938545663356	0.906354604537244	0.368648799065868	0.527988190582943	0.235113671043298	0.855890469711791	0.451342170015128	0.261519146767637	0.897116534926315	0.189001459488037	0.363849971101616	0.255198929115332	0.319007213736643	0.70023043874311	0.148388924580046	0.631673724981462	0.606893818280336	0.113591761836395	0.0460901549628078	0.207642022100512	0.106083498414023	0.0384393148343207	0.206129536432744	0.0820145408589994	0.130126314696856	0.0643995004179702	0.0177613038482696	0.0384598948009909	0.0372866518903999	0.0431181057000136	0.0978138559387103	5.76901220616932e-06	0.0916612155021065	0.109783475067501	0.137656249758997	0.0324216642431568	0.0351954046631938
C02593	0.147083978570867	0.203394964707639	0.213841939143963	0.357559043309836	0.82992013103042	0.285182964552059	0.40186317404279	0.187598011874819	0.933568502897494	0.404318289274662	0.220836002741464	0.985960816712378	0.155165943473395	0.308303255580384	0.219505715220374	0.24708996328724	0.592843734246864	0.106076370419948	0.617841119639911	0.550978714337669	0.0887905457917397	0.084798744937103	0.229121599566932	0.075048902437907	0.0686377551911527	0.176786374857982	0.171805901416908	0.378735168437546	0.163521798427935	0.0165138597308214	0.064488472333373	0.0705991739647264	0.0546847359275394	0.0966881237324195	0.0258631626221817	0.0879912725219718	0.17417629824469	0.0952323764213897	0.0433749664223295	0.0282921975833581
C00422	0.159574602478131	0.0571591766963756	0.10078630956731	0.38372978691145	0.489504081122714	0.20431209376343	0.38637684990727	0.150945406003219	0.521867315917583	0.26981168916296	0.199684841302931	0.735101188552804	0.0669947646516	0.213011181382127	0.0699638329898392	0.254381493110267	0.304866474058855	0.146086416445649	0.352219862622499	0.570842831568561	0.132278176531324	0.207125141395986	0.0922759524691124	0.0837279380956488	0.0963431760135048	0.0432937323665372	0.0901290966909271	0.0432151698764871	0.0220110844701745	0.343092463292967	0.269068058478723	0.149940399982057	0.0263820668993611	0.0193883548295066	0.0720868350070132	0.0927048586476268	0.0410181398787849	0.044461629822193	0.25941204846439	0.0258465519362853
C00157	0.245174467538322	0.234560111989083	0.368618088387861	0.557107325719594	0.440288386626829	0.240212219765009	0.194775608577659	0.25398225789731	0.321586729738497	0.244969834427959	0.165542418126235	0.376059830454489	0.310753845358401	0.200290594599184	0.415328343827907	0.202440985657961	0.175901488508084	0.381651619666116	0.390977641865983	0.209103144737196	0.243329279150672	0.254511206793228	0.0689785893278726	0.0554322270362008	0.102546534308498	0.0463083009915628	0.0135710162514018	0.079892313142103	0.171138416017244	0.375672713184957	0.350757937932154	0.0488572765043218	0.0489964219031795	0.0339504380494684	0.0192694930083468	0.126947883570058	0.13646569430277	0.0387474005084624	0.0709617709296817	0.0322680979856447
C00350	0.101323373409075	0.155300870460455	0.113812020824939	0.286035763296265	0.235426921913187	0.0786269776989561	0.110165909033251	0.134589122264338	0.434582634239644	0.0668830285812626	0.149341696654623	0.192292440206034	0.0847106525289348	0.127628873706223	0.0670307147370034	0.157281827973727	0.152492090368352	0.0952917442575155	0.250656949406907	0.277514129285225	0.172848752589769	0.202749182449341	0.138050590638053	0.517409473973797	0.292736540429871	0.13592737247945	0.00904552813318815	0.361274886510739	0.2313838549791	0.183274761908239	0.146784041048373	7.02553926161809e-05	0.113788397115475	0.162634758734999	0.0291846973998519	0.0763530119175188	0.124952787126081	0.0275325764545202	0.323951231767959	0.122873125524241
C00195	0.127042367716855	0.0857799283349537	0.122999527173912	0.0888932761559272	0.0967049551124731	0.116663482664752	0.0819329917765819	0.148231673205946	0.110782148889491	0.0604668503369685	0.0908835675998365	0.0732624964915447	0.124102067404809	0.10423301260347	0.123647924485947	0.125018797860349	0.0532439076059793	0.118301874261831	0.0979457326779054	0.0894403642615521	0.0848216766487641	0.0393351317215949	0.0926199388059044	0.0540667321841922	0.100670466994904	0.096317309700961	0.0560529827792221	0.0720149368360513	4.40088916449088e-05	0.117835129393653	0.0138942194515854	0.177306278757846	0.0992788405184256	0.0767858313808767	0.164181669872804	0.213542685316989	0.120426908448055	0.131290541190746	0.297684663464497	0.158537728922455
C00235	0.00742945907773274	0.0264400573255459	0.0195469376622103	0.0164102178709258	8.65868283406179e-07	0.00330694582292912	0.000109889933060936	0.0128805927407487	0.00450038117925533	0.000122579018170033	0.0117568542936808	4.7552060807865e-05	0.0012995610776193	0.0102089797773576	0.0120344284432923	0.0133136633655686	0.00118626345331452	0.0097027189904294	0.013001048588733	0.0076783990892334	0.0159943313014452	0.0110309704600651	0.0139862320858215	0.0793004978305847	4.75340998784546e-07	0.00416492646463018	0.135418985106747	0.240286043010937	0.00572749492850455	4.53771464847819e-10	0.00287474992532066	7.30368842775109e-05	0.00395035922591014	0.0150280972609029	0.00749334591773043	0.00514895498923262	0.0261130436231746	0.00314373093875508	0.00672680277314142	0.137184735194863
C00116	0.0799303797126889	0.0864498312351361	0.132546288906194	0.251840383503079	0.236113697311887	0.175837525125529	0.247182813037654	0.224295456493284	0.684230127219876	0.0756091559680454	0.261889544552663	0.235194375358139	0.0710373504840394	0.147911703289163	0.0753334105154297	0.238037275952373	0.153902228741146	0.168000761600123	0.131937549111857	0.578234258753085	0.0980549684786994	0.0314775606598101	0.0582830338732174	0.0491188911347983	0.115994759493876	0.0860619002431835	0.0644779314580001	0.17082426777376	0.0114772352707172	0.0937271528327324	0.0673480632954303	0.0251493105477869	0.122792347787737	0.0395146615798125	0.0745554727435969	0.0906590291748619	8.43833540453698e-06	0.527829510926196	0.00510077904498274	0.0257385840492466
C00319	0.0761883770468855	0.0275711126779321	0.0647220821308457	0.0558952777219616	0.0875726049825908	0.0854100222057297	0.0567798057813601	0.0917310587836841	0.0832508423547238	0.0500533271289723	0.0521660315408474	0.0634948023274668	0.0693126579635176	0.0635262077636076	0.0358693510951327	0.082014070559814	0.0305389227992288	0.0609954080976625	0.0411484226825363	0.0575304789272226	0.0326765149506778	0.0068040818047862	0.0926199388059044	0.0397896424023892	0.0762302471232957	0.0371268876085733	0.035476098077828	0.0226083380550527	3.71039701555498e-05	0.0908823047852331	9.20734673850454e-05	0.11467552191582	0.0312336442439336	0.0367414223790485	0.0787912916620958	0.0852682697057102	0.089671228165946	0.0665244412116837	0.229670931405263	0.110098375096148
C00346	0.20668440415536	0.243691697663549	0.233144489583356	0.227321135415862	0.0669174374536811	0.128819939185953	0.0782597231148843	0.324112648145723	0.312133989641919	0.0584088787653549	0.159418072076574	0.0193573415467785	0.205831637775689	0.114886412235956	0.22796161677046	0.203195469534577	8.30743395353606e-05	0.209765862641389	0.15169159911734	0.174882382624854	0.353442114256729	0.3397981178044	0.638630306668119	0.352289158013262	0.44944164127412	0.38362457132284	0.367893042460415	0.580732775787384	0.381787958154623	0.328777106130079	0.464015001559048	0.385629705936644	0.645795260751708	0.192730547712785	0.481630808976533	0.353911827670187	0.47761246371953	0.793741242630042	0.389334489488838	0.179678700653687
C00187	9.39487988739218e-05	4.21791208741196e-05	0.000109244208954751	0.000445441930254531	4.28457835877083e-09	2.03479829430364e-06	3.5163580253128e-06	1.18016245809205e-05	0.000191526104354578	2.80429157673012e-09	5.82340269462689e-05	1.77635683940025e-15	5.53876603270886e-05	0.000112107614566814	2.95520036763808e-05	0.000287748135102017	2.72492636204102e-05	0.000173288503911295	0.000405502795865709	7.14473889004141e-05	0.00024973443155285	2.43303534763761e-07	0.00187232050984132	0.00352406084204449	6.22000307393122e-06	1.43277727217006e-05	0.00272827331848402	2.41835790260048e-06	0.000235095880500524	2.19028594150572e-08	8.99280649946377e-15	0.0001312912877659	2.98834525824798e-06	0.00151756056482966	1.53312542333639e-05	0.000535258084262025	0.000570512265972267	3.91819560365825e-05	0.00948637388337359	0.00103031238057483
C01673	1.87557554514051e-05	0.0204664966748652	0.0454249382026988	0.00478336793453205	1.30352007270407e-05	1.29555770096434e-05	0.0116788148079952	0.0226797571220583	1.71781267891413e-05	5.52413512722172e-06	0.0151983925296401	1.28477455868525e-05	0.00351882252209701	1.32391906562113e-05	0.0340467506170388	2.07699422402063e-05	1.8957251688434e-06	0.0443641880103518	1.99818700945542e-05	1.61099069289072e-05	0.0170963575275461	0.0393288797094392	2.32419168955111e-05	0.0275999629235471	0.177890796695312	0.0517301118370768	0.104073730349645	0.00815169958936313	2.2482337065477e-05	2.93634828868461e-05	0.0789034808436357	4.99999996961265e-09	0.0854398850622228	0.0594301707823935	0.0509275652644207	0.317050927999186	0.0818586931163526	1.83907939101946e-05	0.170246080338178	0.0234037368263142
C00695	0	0	0	3.33066907387547e-16	1.11022302462516e-16	0	0	0	0	4.44089209850063e-16	0	5.55111512312578e-16	0	0	0	0	0	0	4.44089209850063e-16	0	0	0	7.7715611723761e-16	0	0	0	0	0	0	0	0	0	0	3.33066907387547e-16	0	0	0	0	1.11022302462516e-16	0
C02528	0	1.11022302462516e-16	0	3.70536934468646e-12	1.48947520983711e-12	2.22044604925031e-16	2.22044604925031e-16	1.11022302462516e-16	2.22044604925031e-16	2.55351295663786e-15	6.66133814775094e-16	5.48683320999999e-12	1.11022302462516e-16	4.44089209850063e-16	0	1.11022302462516e-16	8.88178419700125e-16	1.11022302462516e-16	4.42723635529774e-12	2.22044604925031e-16	1.4432899320127e-15	0	2.66453525910038e-15	1.11022302462516e-15	0	1.77635683940025e-15	0	0	1.11022302462516e-16	0	0	0	0	1.11022302462516e-15	0	6.66133814775094e-16	0	0	1.415756401002e-12	2.22044604925031e-16
C05122	4.99412109153941e-05	8.2242177702363e-05	6.49833915554732e-05	7.03003040338768e-05	4.60697808968291e-05	4.49487985560992e-05	0.351844191749737	5.81035765973015e-05	4.92166229013602e-05	4.80736547336935e-05	5.67925557400928e-05	2.30708982998928e-05	6.19263040968487e-05	5.44177216927899e-05	6.87741562216404e-05	5.70089498169724e-05	6.12614635874253e-05	6.34471743561349e-05	7.56091671507697e-05	5.48935187991706e-05	6.65287908545587e-05	3.40116522716816e-05	5.90395981820979e-05	9.9999999999989e-05	4.02895330162689e-05	5.4040326143423e-05	0.10842165656177	9.48285486026545e-05	5.18167001334335e-05	0.160006217824612	3.30652267420684e-05	2.87623265415871e-06	5.82724722661965e-05	5.6384288158684e-05	5.51636535300881e-05	6.7024127269999e-05	7.67614915102577e-05	1.00000000502476e-08	6.38035472102505e-05	7.42859884697022e-05
C01921	4.99412109153941e-05	8.2242177702363e-05	6.49833915554732e-05	7.03003040338768e-05	4.60697808968291e-05	4.49487985560992e-05	0.351844191749737	5.81035765973015e-05	4.92166229013602e-05	4.80736547336935e-05	5.67925557400928e-05	2.30708982998928e-05	6.19263040968487e-05	5.44177216927899e-05	6.87741562216404e-05	5.70089498169724e-05	6.12614635874253e-05	6.34471743561349e-05	7.56091671507697e-05	5.48935187991706e-05	6.65287908545587e-05	3.40116522716816e-05	5.90395981820979e-05	9.9999999999989e-05	4.02895330162689e-05	5.4040326143423e-05	0.10842165656177	9.48285486026545e-05	5.18167001334335e-05	0.160006217824612	3.30652267420684e-05	2.87623265415871e-06	5.82724722661965e-05	5.6384288158684e-05	5.51636535300881e-05	6.7024127269999e-05	7.67614915102577e-05	1.00000000502476e-08	6.38035472102505e-05	7.42859884697022e-05
C00410	0.004953481818743	2.83605737596559e-05	3.97720067432106e-05	0.219685587527709	1.22895212768537e-05	5.69765462254956e-05	8.93998014817043e-06	0.0517338060696775	7.63875977360939e-06	4.30464293824651e-05	0.190213713177901	4.00615683383565e-05	2.22044604925031e-16	5.66054592515686e-05	1.90759626014225e-05	9.9999999999989e-05	2.06996164031636e-06	0.0120351366559229	2.69683902425211e-05	3.313812049488e-05	2.22044604925031e-16	2.22044604925031e-16	4.7528647684203e-13	2.22044604925031e-16	9.13736399876797e-08	2.22044604925031e-16	2.22044604925031e-16	2.22044604925031e-16	2.22044604925031e-16	6.97665617329646e-05	2.22044604925031e-16	2.22044604925031e-16	4.45920429703595e-06	2.22044604925031e-16	2.22044604925031e-16	9.97080629172586e-09	2.22044604925031e-16	2.22044604925031e-16	2.22044604925031e-16	2.22044604925031e-16
C01780	2.69118061169138e-13	1.11022302462516e-16	1.11022302462516e-16	6.36157793110215e-14	2.96873636784767e-13	6.9289018966856e-13	6.10400618938911e-13	4.15778522722121e-13	1.11022302462516e-16	7.87481191366624e-13	4.40647518473725e-13	5.9974247790251e-13	1.27786670134356e-13	6.36601882320065e-13	1.11022302462516e-16	1.91291427142914e-13	6.13398221105399e-13	1.67421632113474e-13	6.27720098123064e-13	2.97095681389692e-13	1.21236354289067e-13	1.11022302462516e-16	9.99977878279878e-13	1.11022302462516e-16	6.35269614690515e-13	4.48863168855951e-13	1.11022302462516e-16	1.11022302462516e-16	6.19726492345762e-13	6.79012401860746e-13	1.11022302462516e-16	8.31112956234392e-13	3.03090885722668e-14	1.11022302462516e-16	5.2913229353635e-13	7.58837437331294e-13	1.11022302462516e-16	3.68149954965702e-13	1.11022302462516e-16	1.87960758069039e-13
C00762	9.40829192330739e-10	4.48197035041176e-13	4.30766533554561e-13	1.8649282118588e-10	2.43184994364043e-09	6.46737463583236e-09	5.31237887013702e-09	2.5531764480391e-09	3.62598839842576e-13	7.01960167770466e-09	2.33960761875096e-09	5.99711114102064e-09	4.10977918363642e-10	3.25830518121961e-09	3.96682686698568e-13	1.16155540741403e-09	3.3076772432139e-09	9.6657226666963e-10	2.97646696179044e-09	1.72901826189786e-09	9.73663594194818e-10	2.28927987677707e-13	6.88847068275322e-09	2.63230659491853e-09	6.35281860450476e-09	1.8625571085451e-09	6.87339074545434e-13	2.53574938824386e-13	2.15456186225538e-09	3.10732134071179e-05	3.13082892944294e-13	7.06873037881195e-09	1.84478987641512e-10	3.67261776546002e-13	2.17997675466819e-09	3.87002374591106e-09	3.62820884447501e-13	1.85851478651244e-09	2.99871238951255e-13	9.83876646820647e-10
C00468	0	0	0	0	3.99680288865056e-15	6.66133814775094e-16	0	0	0	0	1.53721479989599e-12	0	0	0	0	0	4.44089209850063e-16	0	0	0	0	0	0	0	0	0	0	0	0	3.98681088142894e-13	0	0	0	0	0	0	0	9.99977878279878e-13	0	0
C00051	0.0673218143530943	0.357452730130921	0.176175947008089	0.131798103829498	0.230324772712315	0.137800225494488	0.351612357267823	0.156055252502052	0.171616950696561	0.110967829615987	0.159396516091786	0.290682315359446	0.144567460636907	0.20456460346498	0.202193397212114	0.112722765646298	0.0909362961486697	0.237419496487329	0.470658084093149	0.070486547774015	0.517205217510699	0.314341059094409	0.287462208658329	0.765809202940782	0.0556769696141187	0.177130786532603	0.421085570602155	0.114020147039296	0.325329098636329	0.0569296099843047	6.70026953534242e-05	0.264777585953936	0.0763621671980603	0.0313846399626991	0.24830132088083	0.204081273928765	0.320518491507085	0.135629296807798	0.404591523708082	0.0934630718858057
C00010	0.00268077458018612	0.0738316670797258	0.0118548248630677	0.0273295943835894	0.0230316578950156	0.00956278247968823	0.0100234804997985	0.0182423090777454	0.0217069728856536	0.00644001702719654	0.0107920557880908	0.00573915169407035	0.0196132353154456	0.0213990501343096	0.0256252036811279	0.00755253129413647	0.0119323304601449	4.02675650978956e-06	0.0343042151441626	0.00430335068895016	0.134719596284987	0.109387452668366	0.0754229770880468	0.215027020985874	6.43608610850777e-10	0.138743619799427	0.0800929927631515	0.0515136540072605	0.118335199815419	0.0390452366456171	0.0254661402081854	0.195912814814713	0.0310296503241949	0.0632195171759368	8.6931163945092e-06	0.0225473630740302	0.0457769517965142	0.00423191105198761	0.60316014090149	0.21508927021646
C00399	0.00304170458085951	0.00331964309614474	0.00285595813156803	0.0019473739332152	0.00632476060836451	0.00203507990290153	0.00708427731177674	0.000979984833310632	0.0116373930609024	0.0013523439607237	0.00106547474568763	0.0120714086689273	0.00165252245328562	0.00309649380064703	0.00839443362775616	0.00120964865247586	0.00355241341924362	0.00154100335651852	0.0212502430344151	0.00634387387989133	0.00116968127102024	0.000810090361244353	0.00325728961493055	0.00126506494000767	3.44120398843017e-10	0.00664862532427668	0.00881106740501203	0.00219272719118535	0.00701810376766587	0.000867808678187143	5.3096727015145e-10	4.32975877373565e-12	0.000396441090841249	0.00155739091752893	4.19963852027472e-07	0.00337396603344153	0.00185449738610488	0.00298901003576424	0.0461142313814663	0.0154085391861248
C01272	0.157532248170423	0.222846502553329	0.263903519035668	0.220886764170585	0.15522959476099	0.18671157800191	0.114614757891899	0.232643128829994	0.157207711881361	0.487363649877227	0.265915211845281	0.309635442929589	0.158597246526911	0.165077104301616	0.188059003145294	0.154322839218281	0.34627838788693	0.202840513453578	0.161387752031976	0.152328409558927	0.14305634958511	0.599087801561787	0.268195907887839	0.0783885859674053	0.14244721426965	0.212928028514931	0.24361884452359	0.225237365369997	0.23578562977195	0.272203588219351	0.382238369862311	0.178699271813514	0.415247354419279	0.319811773815381	0.302871626107051	0.223049971755873	0.393075155885313	0.27728091344205	0.197940900618199	0.130072436323445
C00137	0.228379095903338	0.113423123495632	0.120719609677198	0.129552674173717	0.2848386317622	0.244031404029151	0.21615162270808	0.176929500022431	0.15623146226449	0.325541134144504	0.152561088506976	0.331334602345867	0.156208056578723	0.169585090616107	0.116502559547105	0.164330446600158	0.185460889643581	0.160553432466807	0.172397796107857	0.102939291046246	0.0629976819610826	0.0880166466036113	0.0148739829308087	0.108592879955228	0.136382910743141	0.0413939416216126	0.0258430510295629	0.095067324736641	0.0380324667395623	0.0946502375015877	0.0328324399889186	0.107709936356992	0.123237321305995	0.0424137345815495	0.0587341541407731	0.0572949692111404	6.75667100935584e-06	0.0633980017226448	0.16828099110975	0.0415184184081452
C01204	0.125808828698227	0.0726023304815294	0.0935829108690331	0.0820623691872606	0.0123161837104461	0.101102043599134	0.159315453513639	0.230347214223666	0.0720758990324339	0.0851735716775519	0.122381624050833	5.00995449982389e-05	0.157516783722015	0.141547175540058	0.0580206442010033	0.125842521520377	0.0557487539398942	0.130006940547167	2.32684282744922e-05	0.0721304858226919	0.0655217420917393	2.64815485712111e-05	0.127849917428379	0.25880646510351	0.0459798156306322	0.270503626568603	0.401228779789244	0.0167305025216293	0.0902898812483535	0.329699658524424	0.0610273489413002	0.417837766738647	0.1154153583918	0.0850157345828791	0.164426361345544	0.204710049423093	0.238192404076028	0.265780661271869	0.326883777011043	0.204863264073085
C00315	0.245072984493204	0.602546783417129	0.42272845825053	0.310416275399512	0.158616115110387	0.3412666366516	0.325475122018925	0.518651211422756	0.20938168242871	0.259242090309359	0.236170858042493	0.151510866157867	0.140910878888621	0.326644004777356	0.464450510034608	0.250700413801338	0.341951703342013	0.542905569527534	0.474293524832005	0.187111179291648	0.406966985510438	0.843144813168043	0.13970252641007	0.376601730346742	0.724425138350961	0.567297997703572	0.311246928345876	0.468611538584053	0.0735867215789244	7.04114197568328e-05	0.519874440927338	0.37612648212851	0.408180065791757	0.266206277916611	0.0495382704407006	0.277827402913471	0.164629061675447	0.553843214900158	0.272456688983049	0.345900672375471
C00134	0.238707512231355	0.234392120037524	0.286009699968579	0.0747225813116706	0.408615371774798	0.277340594844101	0.342189962833829	0.314631996666774	0.298107361582024	0.206547582750615	0.220021637028453	0.499039947252191	0.194339608164027	0.195406935309312	0.169424632746656	0.195428701850282	0.386193499338424	0.284095769471514	0.286762289228739	0.305786820623013	0.0177971411715165	0.377403922314078	0.0198742568421351	0.15526157131417	0.198542213415594	0.138196539708995	0.0250958489026928	0.555120424757715	4.4804149067712e-05	0.0541989658773712	0.24891408682401	2.73919628632768e-05	0.202523787602639	0.0405183595326043	0.0674180780156316	0.0277482538432158	0.0429165752823485	0.260993071295326	0.212879044126121	0.190873977405599
C00334	0.144940068905168	0.189289182434669	0.156829919003346	0.193156038676149	0.315630562463276	0.231891015913905	0.201586920957081	0.150449214867121	0.312549030763167	0.219582906278116	0.229814573293887	0.39680172967677	0.126630057361729	0.163359527815778	0.153271224748773	0.156630875197836	0.235968015973439	0.113130802621381	0.332230943926135	0.209574819983322	0.143004440007776	0.0475830798987708	0.0344023387064921	0.058166677598672	0.0934070854751881	0.0677746615100243	0.0574990210112503	0.0575435555257036	0.0777521024244022	0.0163396624862566	0.144711764806437	0.118367746360983	0.0643837381520043	0.0854417227414006	0.0469908393148351	0.0852381547338206	3.16432885139051e-06	0.0519133317422957	0.1175825237378	0.163103982316474
R00943	1.84228389468573e-15	3.98781969958104e-13	1.66338067925231e-09	1.69933600016159e-15	5.48826925245523e-09	1.40812297607699e-15	1.06758299082685e-11	2.0424143349915e-13	1.06036721956803e-07	6.66758730447892e-14	3.06178346837154e-13	0.00984713460139673	2.6190277283228e-13	7.31129097036543e-16	2.74674616120096e-10	3.89136324833929e-15	5.9003684052421e-10	2.84949850678376e-12	5.95580935257977e-14	1.00560603775417e-09	7.09893431569566e-11	0.0272234695304426	0	6.76081186845504e-10	3.28128748691919e-16	6.0745357996933e-14	1.17780499205767e-12	2.10161631388928e-07	2.8961604203068e-17	9.63313095731912e-15	8.26866315945066e-06	0	6.13612262843028e-13	1.05779103275041e-16	2.13744428781153e-16	0	0	2.04064531672883e-10	3.58589940916035e-15	7.02095270313694e-11
C00097	0.202203844747311	0.279906195729272	0.294969993973247	0.267840992701431	0.166963416635064	0.0945228936831638	0.124568284365935	0.236075543020597	0.475899292096973	0.0620947698862344	0.156300420168794	0.100162545559229	0.240686712057323	0.177129210845894	0.286301541993613	0.175073115610337	0.202699142838103	0.273774450754626	0.175660615355765	0.308559055757854	0.239420166556176	0.74905511703175	0.0752688321897222	0.345145955512925	0.377077446397505	0.285595004504408	0.314874036314906	0.244225715264559	0.293782452698111	0.295339155407989	0.650471173037856	0.450951789608557	0.145854848350271	0.00943664722487925	0.0238458189428375	0.205894314626361	7.84955885122507e-05	0.100221617981126	5.50767070000013e-05	0.195873184158199
C00353	0.213007004293527	0.212004915573233	0.201269135865132	0.172180227911194	0.276310982658892	0.219793536597186	0.0284039172525955	0.169849694261931	0.197003619396862	0.0776576729811909	0.209098777547694	0.099961905119842	0.292613172831463	0.214921664907686	0.255588003480903	0.155885074545244	0.072216304160871	0.215778078982399	0.212821928441981	0.156708414674911	0.299879733473507	0.797877417363666	0.788966521429035	0.269536045879148	0.42801057654787	1	0.395534806829756	0.73698897108679	0.826847222906999	0.63933079376647	0.684433493468911	9.9999999999989e-05	0.762347560647998	0.843003581391724	0.862419401171558	0.898151012653046	0.709710044664614	0.598085141889391	0.504168308378795	0.722902981968018
C20876	0.0582184092726414	0.0674868633899974	0.0270376762265384	0.140739194786563	0.169654946146647	0.0719904883061925	0.0995212175943376	0.0550839369391024	0.332946093469231	0.0951124902631049	0.0640549014707157	0.155948712529151	0.0412947600460802	0.102440148756353	0.047394122640861	0.0724270562547518	0.276563989543624	0.0524716737151576	0.243313368202898	0.18321355425046	0.107611302275738	0.0671657220685268	0.0725566118804383	0.049032907809975	0.568661985325752	0.0809334811039887	8.45353075451527e-06	0.0535604258116952	0.125359974495845	0.0792158483761682	0.273064684531442	0.123746288115467	0.0340672349849872	8.82645826605355e-06	0.0468154117133229	0.125189381970787	0.0674924604013731	0.0106427327056836	0.200188273585806	0.0866586155934453
C00029	0.0355628231129105	0.057462604590771	0.0593611913422515	0.14115008855464	0.533170174672027	0.268605600458645	0.437519568182347	0.159749274977411	0.260056045627705	0.357543043412778	0.188085589724203	0.839618423657251	0.0563796872072745	0.243422584195285	0.0368973566480403	0.0979879101056533	0.411214739380957	0.0980182077737375	0.420419592807142	0.294247799154304	0.0535346444767052	0.541839540161822	0.0619839749841671	0.144361757912247	0.300140645400305	0.105197186450999	0.0803120013614507	0.0962882317922341	0.113569647094858	0.0371945208804022	0.203569229451581	1.48163791766631e-05	0.0443080111817402	0.136535498504708	0.0474343977618481	0.0275974364940225	0.000529104955126924	0.176883250395823	0.0838613980703615	0.0506838179482962
C00052	0.163823945313386	0.45349127973412	0.289942243715554	0.283607337706081	0.272232252358494	0.40726335806009	0.173184752096321	0.428684588368575	0.224686508149889	0.53016488045304	0.369483438446956	0.236695774563437	0.200775304637174	0.409628356094165	0.469504298054142	0.289135563628205	0.504285058526453	0.299175481841653	0.389632610003414	0.250602752001415	0.445136272609323	0.335209800232985	0.136670367866336	0.766642030486944	0.119254008900939	4.73484113918676e-05	0.358503889718255	0.340177664238121	0.138148513382892	0.0543417077375582	0.210783672567118	0.0179912471118348	0.230294857992438	0.235040048615658	0.107026661800805	0.172903464648547	3.44283242620369e-05	0.183364284677195	0.806172975837579	0.468283832076032
C00103	0.0982717626634679	0.363916941214627	0.135479786390412	0.169454633911158	0.207793097738104	0.297239804872648	0.108505521521862	0.269125449401039	0.14579983563074	0.400892872999594	0.292048680358121	0.185622924743592	0.143494240807097	0.299853460460456	0.263374572393896	0.221751959607087	0.356253362103663	0.113378343177667	0.330841385275259	0.172019280123226	0.296692008462653	0.195755540606877	0.0438038688845445	0.55125869195668	0.128248181886551	1.27006731512891e-05	0.45992023968993	0.25953351096864	0.102577715050152	0.0305016010299054	0.182172040006453	0.0105451268798958	0.229579123444478	0.200254391327493	0.0419992894818672	0.160408999340266	1.09196217545904e-06	0.101747844973845	0.000164240516117853	0.384512491292561
C00091	0.194018949679668	0.136475155684447	0.22223277422721	0.25254738861589	0.492138736717365	0.194248025699101	0.247459870786254	0.115159024425948	0.622866283051764	0.107836732620154	0.124904228076791	0.519274044227892	0.162823288128744	0.190634079299965	0.163623380343957	0.242796376621254	0.255526509014475	0.111746691082087	0.148585608500907	0.324868878155252	0.125208536602896	0.0102398010258378	0.406856117289604	0.019541812510615	0.11004921286096	0.163715969184767	0.141293438293708	0.0524623683671001	0.296729744418304	0.0889682574519509	0.160580580975644	2.77259359915405e-09	0.145516605216547	0.18201829950606	0.046567632622657	0.0681749916992888	0.55190003708361	0.0452125297236493	0.0374440930322139	0.0925923592693583
